{"cameraMode":{"drawMode":0,"name":"Shaded","section":"Shading Mode"},"sceneLighting":true,"audioPlay":false,"sceneViewState":{"showFog":true,"showMaterialUpdate":false,"showSkybox":true,"showFlares":true,"showImageEffects":true,"showParticleSystems":true},"in2DMode":false,"pivot":{"x":0.47690945863723757,"y":-0.5656185150146484,"z":0.9422144889831543},"rotation":{"x":-0.5040245652198792,"y":-0.1494954377412796,"z":0.0890643373131752,"w":-0.8459920883178711},"size":2.178102493286133,"orthographic":false}